DELETE FROM sokh_organizations;
DELETE FROM khoroos;
DELETE FROM districts;
DELETE FROM cities;

INSERT INTO cities (id, name) VALUES (1, 'Улаанбаатар'), (2, 'Дархан'), (3, 'Эрдэнэт');

INSERT INTO districts (id, city_id, name) VALUES
(1, 1, 'Баянгол'), (2, 1, 'Баянзүрх'), (3, 1, 'Сүхбаатар'), (4, 1, 'Чингэлтэй'),
(5, 1, 'Хан-Уул'), (6, 1, 'Сонгинохайрхан'), (7, 1, 'Налайх'), (8, 1, 'Багануур'),
(9, 1, 'Багахангай'), (10, 2, 'Дархан'), (11, 2, 'Шарын гол'), (12, 3, 'Эрдэнэт');

INSERT INTO khoroos (id, district_id, name) VALUES
(1,1,'1-р хороо'),(2,1,'2-р хороо'),(3,1,'3-р хороо'),(4,1,'4-р хороо'),(5,1,'5-р хороо'),
(6,1,'6-р хороо'),(7,1,'7-р хороо'),(8,1,'8-р хороо'),(9,1,'9-р хороо'),(10,1,'10-р хороо'),
(11,2,'1-р хороо'),(12,2,'2-р хороо'),(13,2,'3-р хороо'),(14,2,'4-р хороо'),(15,2,'5-р хороо'),
(16,3,'1-р хороо'),(17,3,'2-р хороо'),(18,3,'3-р хороо'),(19,3,'4-р хороо'),(20,3,'5-р хороо'),
(21,4,'1-р хороо'),(22,4,'2-р хороо'),(23,4,'3-р хороо'),(24,4,'4-р хороо'),(25,4,'5-р хороо'),
(26,5,'1-р хороо'),(27,5,'2-р хороо'),(28,5,'3-р хороо'),(29,5,'4-р хороо'),(30,5,'5-р хороо');

INSERT INTO sokh_organizations (khoroo_id, name, address, phone) VALUES
(1, 'Нарантуул СӨХ', 'Баянгол, 1-р хороо, 15-р байр', '77001122'),
(1, 'Од СӨХ', 'Баянгол, 1-р хороо, 25-р байр', '77003344'),
(2, 'Алтан гадас СӨХ', 'Баянгол, 2-р хороо, 3-р байр', '77005566'),
(3, 'Номин СӨХ', 'Баянгол, 3-р хороо, 40-р байр', '77007788'),
(11, 'Баянзүрх СӨХ-1', 'Баянзүрх, 1-р хороо, 5-р байр', '88001122'),
(16, 'Сүхбаатар СӨХ-1', 'Сүхбаатар, 1-р хороо, 10-р байр', '99001122');
